copied_file_name,copied_path,problem_id,file_name,relative_path,path,code_lines,loc_bin,function_count,top_level_function_count,nested_function_count,class_count,method_count,loop_count,if_count,return_count,assign_count,call_count,max_ast_depth,file_size_bytes,syntax_ok,error,blank_lines,comment_lines,total_lines,parse_status,scale,selected
p02554_s060840440.py,SemBench/data/python_codenet/code/p02554_s060840440.py,p02554,s060840440.py,p02554/s060840440.py,SemBench/data/python/codenet_python/Project_CodeNet_Python800/p02554/s060840440.py,12,<= 50,6,6,0,0,0,1,0,5,2,23,14,723,True,,6,8,26,parsed,<= 50,True
p03433_s436709756.py,SemBench/data/python_codenet/code/p03433_s436709756.py,p03433,s436709756.py,p03433/s436709756.py,SemBench/data/python/codenet_python/Project_CodeNet_Python800/p03433/s436709756.py,13,<= 50,3,2,1,0,0,2,1,3,2,11,11,312,True,,1,0,14,parsed,<= 50,True
p03130_s661997187.py,SemBench/data/python_codenet/code/p03130_s661997187.py,p03130,s661997187.py,p03130/s661997187.py,SemBench/data/python/codenet_python/Project_CodeNet_Python800/p03130/s661997187.py,16,<= 50,2,2,0,0,0,1,1,1,3,14,10,975,True,,6,13,35,parsed,<= 50,True
p03130_s699278750.py,SemBench/data/python_codenet/code/p03130_s699278750.py,p03130,s699278750.py,p03130/s699278750.py,SemBench/data/python/codenet_python/Project_CodeNet_Python800/p03130/s699278750.py,17,<= 50,2,2,0,0,0,1,2,1,4,13,10,363,True,,2,0,19,parsed,<= 50,True
p02848_s193185254.py,SemBench/data/python_codenet/code/p02848_s193185254.py,p02848,s193185254.py,p02848/s193185254.py,SemBench/data/python/codenet_python/Project_CodeNet_Python800/p02848/s193185254.py,18,<= 50,5,5,0,0,0,2,1,5,3,19,11,375,True,,3,0,21,parsed,<= 50,True
p02792_s521635973.py,SemBench/data/python_codenet/code/p02792_s521635973.py,p02792,s521635973.py,p02792/s521635973.py,SemBench/data/python/codenet_python/Project_CodeNet_Python800/p02792/s521635973.py,19,<= 50,3,3,0,0,0,3,0,3,7,20,10,467,True,,1,0,20,parsed,<= 50,True
p02702_s199574768.py,SemBench/data/python_codenet/code/p02702_s199574768.py,p02702,s199574768.py,p02702/s199574768.py,SemBench/data/python/codenet_python/Project_CodeNet_Python800/p02702/s199574768.py,20,<= 50,3,3,0,0,0,2,1,3,10,20,13,438,True,,3,1,24,parsed,<= 50,True
p02838_s307438019.py,SemBench/data/python_codenet/code/p02838_s307438019.py,p02838,s307438019.py,p02838/s307438019.py,SemBench/data/python/codenet_python/Project_CodeNet_Python800/p02838/s307438019.py,20,<= 50,2,2,0,0,0,3,1,2,11,15,10,437,True,,4,0,24,parsed,<= 50,True
p03212_s983053081.py,SemBench/data/python_codenet/code/p03212_s983053081.py,p03212,s983053081.py,p03212/s983053081.py,SemBench/data/python/codenet_python/Project_CodeNet_Python800/p03212/s983053081.py,20,<= 50,2,1,1,0,0,2,4,1,6,14,10,503,True,,2,0,22,parsed,<= 50,True
p02947_s056565816.py,SemBench/data/python_codenet/code/p02947_s056565816.py,p02947,s056565816.py,p02947/s056565816.py,SemBench/data/python/codenet_python/Project_CodeNet_Python800/p02947/s056565816.py,21,<= 50,2,2,0,0,0,3,2,2,8,14,8,406,True,,5,0,26,parsed,<= 50,True
p03645_s149599977.py,SemBench/data/python_codenet/code/p03645_s149599977.py,p03645,s149599977.py,p03645/s149599977.py,SemBench/data/python/codenet_python/Project_CodeNet_Python800/p03645/s149599977.py,21,<= 50,2,2,0,0,0,1,2,2,5,15,10,877,True,,1,15,37,parsed,<= 50,True
p02606_s676706837.py,SemBench/data/python_codenet/code/p02606_s676706837.py,p02606,s676706837.py,p02606/s676706837.py,SemBench/data/python/codenet_python/Project_CodeNet_Python800/p02606/s676706837.py,22,<= 50,4,4,0,0,0,1,1,4,3,12,12,509,True,,10,1,33,parsed,<= 50,True
p03111_s672672718.py,SemBench/data/python_codenet/code/p03111_s672672718.py,p03111,s672672718.py,p03111/s672672718.py,SemBench/data/python/codenet_python/Project_CodeNet_Python800/p03111/s672672718.py,22,<= 50,2,2,0,0,0,1,3,2,10,28,14,776,True,,4,0,26,parsed,<= 50,True
p03339_s579000395.py,SemBench/data/python_codenet/code/p03339_s579000395.py,p03339,s579000395.py,p03339/s579000395.py,SemBench/data/python/codenet_python/Project_CodeNet_Python800/p03339/s579000395.py,23,<= 50,2,2,0,0,0,3,3,1,10,11,11,593,True,,6,0,29,parsed,<= 50,True
p03805_s713017617.py,SemBench/data/python_codenet/code/p03805_s713017617.py,p03805,s713017617.py,p03805/s713017617.py,SemBench/data/python/codenet_python/Project_CodeNet_Python800/p03805/s713017617.py,23,<= 50,2,2,0,0,0,2,3,2,10,14,9,521,True,,8,0,31,parsed,<= 50,True
p02630_s623579178.py,SemBench/data/python_codenet/code/p02630_s623579178.py,p02630,s623579178.py,p02630/s623579178.py,SemBench/data/python/codenet_python/Project_CodeNet_Python800/p02630/s623579178.py,24,<= 50,2,2,0,0,0,1,0,2,11,15,10,954,True,,0,17,41,parsed,<= 50,True
p02632_s796993434.py,SemBench/data/python_codenet/code/p02632_s796993434.py,p02632,s796993434.py,p02632/s796993434.py,SemBench/data/python/codenet_python/Project_CodeNet_Python800/p02632/s796993434.py,24,<= 50,2,0,0,1,2,3,1,2,15,14,12,776,True,,2,0,26,parsed,<= 50,True
p02754_s369263241.py,SemBench/data/python_codenet/code/p02754_s369263241.py,p02754,s369263241.py,p02754/s369263241.py,SemBench/data/python/codenet_python/Project_CodeNet_Python800/p02754/s369263241.py,24,<= 50,3,2,1,0,0,2,2,1,10,11,9,724,True,,5,2,31,parsed,<= 50,True
p02549_s288906460.py,SemBench/data/python_codenet/code/p02549_s288906460.py,p02549,s288906460.py,p02549/s288906460.py,SemBench/data/python/codenet_python/Project_CodeNet_Python800/p02549/s288906460.py,25,<= 50,6,6,0,0,0,2,2,4,12,26,11,699,True,,14,0,39,parsed,<= 50,True
p02922_s167391791.py,SemBench/data/python_codenet/code/p02922_s167391791.py,p02922,s167391791.py,p02922/s167391791.py,SemBench/data/python/codenet_python/Project_CodeNet_Python800/p02922/s167391791.py,25,<= 50,3,2,1,0,0,3,3,2,7,10,9,720,True,,5,2,32,parsed,<= 50,True
p02990_s302831287.py,SemBench/data/python_codenet/code/p02990_s302831287.py,p02990,s302831287.py,p02990/s302831287.py,SemBench/data/python/codenet_python/Project_CodeNet_Python800/p02990/s302831287.py,25,<= 50,2,2,0,0,0,3,4,6,6,12,12,546,True,,8,0,33,parsed,<= 50,True
p03681_s410175197.py,SemBench/data/python_codenet/code/p03681_s410175197.py,p03681,s410175197.py,p03681/s410175197.py,SemBench/data/python/codenet_python/Project_CodeNet_Python800/p03681/s410175197.py,25,<= 50,4,4,0,0,0,2,2,4,6,16,10,497,True,,2,0,27,parsed,<= 50,True
p02819_s341906079.py,SemBench/data/python_codenet/code/p02819_s341906079.py,p02819,s341906079.py,p02819/s341906079.py,SemBench/data/python/codenet_python/Project_CodeNet_Python800/p02819/s341906079.py,26,<= 50,2,1,1,0,0,3,2,1,11,12,12,647,True,,3,0,29,parsed,<= 50,True
p03018_s026668294.py,SemBench/data/python_codenet/code/p03018_s026668294.py,p03018,s026668294.py,p03018/s026668294.py,SemBench/data/python/codenet_python/Project_CodeNet_Python800/p03018/s026668294.py,26,<= 50,4,4,0,0,0,2,1,4,10,18,9,588,True,,6,0,32,parsed,<= 50,True
p03634_s420699021.py,SemBench/data/python_codenet/code/p03634_s420699021.py,p03634,s420699021.py,p03634/s420699021.py,SemBench/data/python/codenet_python/Project_CodeNet_Python800/p03634/s420699021.py,26,<= 50,2,2,0,0,0,3,2,0,8,23,10,799,True,,4,5,35,parsed,<= 50,True
p02948_s659526459.py,SemBench/data/python_codenet/code/p02948_s659526459.py,p02948,s659526459.py,p02948/s659526459.py,SemBench/data/python/codenet_python/Project_CodeNet_Python800/p02948/s659526459.py,27,<= 50,3,3,0,0,0,2,1,3,10,20,10,593,True,,1,0,28,parsed,<= 50,True
p02975_s108737672.py,SemBench/data/python_codenet/code/p02975_s108737672.py,p02975,s108737672.py,p02975/s108737672.py,SemBench/data/python/codenet_python/Project_CodeNet_Python800/p02975/s108737672.py,27,<= 50,2,2,0,0,0,1,9,4,6,17,12,649,True,,11,2,40,parsed,<= 50,True
p03568_s866508455.py,SemBench/data/python_codenet/code/p03568_s866508455.py,p03568,s866508455.py,p03568/s866508455.py,SemBench/data/python/codenet_python/Project_CodeNet_Python800/p03568/s866508455.py,27,<= 50,5,5,0,0,0,1,1,5,7,19,10,967,True,,2,1,30,parsed,<= 50,True
p03599_s816851049.py,SemBench/data/python_codenet/code/p03599_s816851049.py,p03599,s816851049.py,p03599/s816851049.py,SemBench/data/python/codenet_python/Project_CodeNet_Python800/p03599/s816851049.py,27,<= 50,2,2,0,0,0,6,5,2,7,15,12,571,True,,1,0,28,parsed,<= 50,True
p03767_s987457392.py,SemBench/data/python_codenet/code/p03767_s987457392.py,p03767,s987457392.py,p03767/s987457392.py,SemBench/data/python/codenet_python/Project_CodeNet_Python800/p03767/s987457392.py,27,<= 50,9,9,0,0,0,1,1,8,6,25,10,639,True,,2,0,29,parsed,<= 50,True
p03967_s701112028.py,SemBench/data/python_codenet/code/p03967_s701112028.py,p03967,s701112028.py,p03967/s701112028.py,SemBench/data/python/codenet_python/Project_CodeNet_Python800/p03967/s701112028.py,27,<= 50,4,4,0,0,0,1,5,6,6,19,10,660,True,,7,1,35,parsed,<= 50,True
p03103_s569073210.py,SemBench/data/python_codenet/code/p03103_s569073210.py,p03103,s569073210.py,p03103/s569073210.py,SemBench/data/python/codenet_python/Project_CodeNet_Python800/p03103/s569073210.py,28,<= 50,4,4,0,0,0,2,2,4,9,18,10,832,True,,11,4,43,parsed,<= 50,True
p03329_s116258813.py,SemBench/data/python_codenet/code/p03329_s116258813.py,p03329,s116258813.py,p03329/s116258813.py,SemBench/data/python/codenet_python/Project_CodeNet_Python800/p03329/s116258813.py,28,<= 50,8,8,0,0,0,4,1,7,9,31,12,723,True,,9,5,42,parsed,<= 50,True
p03761_s328356416.py,SemBench/data/python_codenet/code/p03761_s328356416.py,p03761,s328356416.py,p03761/s328356416.py,SemBench/data/python/codenet_python/Project_CodeNet_Python800/p03761/s328356416.py,28,<= 50,8,8,0,0,0,4,1,8,12,34,10,804,True,,5,4,37,parsed,<= 50,True
p03295_s163746453.py,SemBench/data/python_codenet/code/p03295_s163746453.py,p03295,s163746453.py,p03295/s163746453.py,SemBench/data/python/codenet_python/Project_CodeNet_Python800/p03295/s163746453.py,29,<= 50,5,5,0,0,0,1,1,5,8,21,10,1081,True,,5,2,36,parsed,<= 50,True
p03583_s470968234.py,SemBench/data/python_codenet/code/p03583_s470968234.py,p03583,s470968234.py,p03583/s470968234.py,SemBench/data/python/codenet_python/Project_CodeNet_Python800/p03583/s470968234.py,29,<= 50,5,5,0,0,0,2,2,5,4,23,11,1101,True,,2,0,31,parsed,<= 50,True
p03607_s838029618.py,SemBench/data/python_codenet/code/p03607_s838029618.py,p03607,s838029618.py,p03607/s838029618.py,SemBench/data/python/codenet_python/Project_CodeNet_Python800/p03607/s838029618.py,29,<= 50,3,3,0,0,0,2,0,3,9,18,10,1154,True,,0,20,49,parsed,<= 50,True
p02261_s559364614.py,SemBench/data/python_codenet/code/p02261_s559364614.py,p02261,s559364614.py,p02261/s559364614.py,SemBench/data/python/codenet_python/Project_CodeNet_Python800/p02261/s559364614.py,30,<= 50,2,2,0,0,0,4,4,2,11,26,13,726,True,,6,0,36,parsed,<= 50,True
p02262_s443528680.py,SemBench/data/python_codenet/code/p02262_s443528680.py,p02262,s443528680.py,p02262/s443528680.py,SemBench/data/python/codenet_python/Project_CodeNet_Python800/p02262/s443528680.py,30,<= 50,2,2,0,0,0,5,0,1,13,19,10,583,True,,7,0,37,parsed,<= 50,True
p02866_s920983279.py,SemBench/data/python_codenet/code/p02866_s920983279.py,p02866,s920983279.py,p02866/s920983279.py,SemBench/data/python/codenet_python/Project_CodeNet_Python800/p02866/s920983279.py,30,<= 50,5,5,0,0,0,1,1,5,8,26,11,1119,True,,6,3,39,parsed,<= 50,True
p02912_s983790374.py,SemBench/data/python_codenet/code/p02912_s983790374.py,p02912,s983790374.py,p02912/s983790374.py,SemBench/data/python/codenet_python/Project_CodeNet_Python800/p02912/s983790374.py,30,<= 50,4,4,0,0,0,1,0,4,7,18,12,692,True,,11,1,42,parsed,<= 50,True
p03168_s850665597.py,SemBench/data/python_codenet/code/p03168_s850665597.py,p03168,s850665597.py,p03168/s850665597.py,SemBench/data/python/codenet_python/Project_CodeNet_Python800/p03168/s850665597.py,30,<= 50,3,3,0,0,0,4,1,2,12,18,14,1069,True,,3,0,33,parsed,<= 50,True
p03496_s110715789.py,SemBench/data/python_codenet/code/p03496_s110715789.py,p03496,s110715789.py,p03496/s110715789.py,SemBench/data/python/codenet_python/Project_CodeNet_Python800/p03496/s110715789.py,30,<= 50,2,2,0,0,0,7,5,1,10,33,11,1529,True,,11,10,51,parsed,<= 50,True
p03546_s525074344.py,SemBench/data/python_codenet/code/p03546_s525074344.py,p03546,s525074344.py,p03546/s525074344.py,SemBench/data/python/codenet_python/Project_CodeNet_Python800/p03546/s525074344.py,30,<= 50,2,2,0,0,0,7,2,1,9,25,13,739,True,,5,0,35,parsed,<= 50,True
p03816_s853916112.py,SemBench/data/python_codenet/code/p03816_s853916112.py,p03816,s853916112.py,p03816/s853916112.py,SemBench/data/python/codenet_python/Project_CodeNet_Python800/p03816/s853916112.py,30,<= 50,8,8,0,0,0,1,1,6,8,33,10,906,True,,3,0,33,parsed,<= 50,True
p02536_s805594236.py,SemBench/data/python_codenet/code/p02536_s805594236.py,p02536,s805594236.py,p02536/s805594236.py,SemBench/data/python/codenet_python/Project_CodeNet_Python800/p02536/s805594236.py,31,<= 50,2,2,0,0,0,4,3,1,14,15,10,574,True,,8,0,39,parsed,<= 50,True
p02903_s929851340.py,SemBench/data/python_codenet/code/p02903_s929851340.py,p02903,s929851340.py,p02903/s929851340.py,SemBench/data/python/codenet_python/Project_CodeNet_Python800/p02903/s929851340.py,31,<= 50,5,5,0,0,0,6,1,4,8,24,11,830,True,,7,0,38,parsed,<= 50,True
p02262_s746345748.py,SemBench/data/python_codenet/code/p02262_s746345748.py,p02262,s746345748.py,p02262/s746345748.py,SemBench/data/python/codenet_python/Project_CodeNet_Python800/p02262/s746345748.py,32,<= 50,2,2,0,0,0,5,1,1,15,19,10,686,True,,7,0,39,parsed,<= 50,True
p02272_s252396011.py,SemBench/data/python_codenet/code/p02272_s252396011.py,p02272,s252396011.py,p02272/s252396011.py,SemBench/data/python/codenet_python/Project_CodeNet_Python800/p02272/s252396011.py,32,<= 50,2,2,0,0,0,1,2,0,16,20,10,796,True,,6,0,38,parsed,<= 50,True
p02685_s306627945.py,SemBench/data/python_codenet/code/p02685_s306627945.py,p02685,s306627945.py,p02685/s306627945.py,SemBench/data/python/codenet_python/Project_CodeNet_Python800/p02685/s306627945.py,32,<= 50,4,4,0,0,0,3,3,5,14,14,12,783,True,,15,0,47,parsed,<= 50,True
p02744_s359705649.py,SemBench/data/python_codenet/code/p02744_s359705649.py,p02744,s359705649.py,p02744/s359705649.py,SemBench/data/python/codenet_python/Project_CodeNet_Python800/p02744/s359705649.py,32,<= 50,7,7,0,0,0,5,0,5,8,29,12,1060,True,,1,3,36,parsed,<= 50,True
p02814_s769638413.py,SemBench/data/python_codenet/code/p02814_s769638413.py,p02814,s769638413.py,p02814/s769638413.py,SemBench/data/python/codenet_python/Project_CodeNet_Python800/p02814/s769638413.py,32,<= 50,2,2,0,0,0,4,2,2,16,18,9,705,True,,2,5,39,parsed,<= 50,True
p02690_s257579000.py,SemBench/data/python_codenet/code/p02690_s257579000.py,p02690,s257579000.py,p02690/s257579000.py,SemBench/data/python/codenet_python/Project_CodeNet_Python800/p02690/s257579000.py,33,<= 50,8,8,0,0,0,2,1,8,9,30,12,873,True,,5,0,38,parsed,<= 50,True
p02264_s504438887.py,SemBench/data/python_codenet/code/p02264_s504438887.py,p02264,s504438887.py,p02264/s504438887.py,SemBench/data/python/codenet_python/Project_CodeNet_Python800/p02264/s504438887.py,35,<= 50,3,0,0,1,3,2,2,1,14,21,9,1285,True,,14,3,52,parsed,<= 50,True
p02384_s374978017.py,SemBench/data/python_codenet/code/p02384_s374978017.py,p02384,s374978017.py,p02384/s374978017.py,SemBench/data/python/codenet_python/Project_CodeNet_Python800/p02384/s374978017.py,35,<= 50,2,0,0,1,2,2,5,0,17,14,13,1314,True,,3,0,38,parsed,<= 50,True
p03141_s164172956.py,SemBench/data/python_codenet/code/p03141_s164172956.py,p03141,s164172956.py,p03141/s164172956.py,SemBench/data/python/codenet_python/Project_CodeNet_Python800/p03141/s164172956.py,35,<= 50,5,5,0,0,0,1,3,7,12,24,10,949,True,,8,1,44,parsed,<= 50,True
p02262_s003572082.py,SemBench/data/python_codenet/code/p02262_s003572082.py,p02262,s003572082.py,p02262/s003572082.py,SemBench/data/python/codenet_python/Project_CodeNet_Python800/p02262/s003572082.py,36,<= 50,2,2,0,0,0,6,0,0,15,18,10,650,True,,5,0,41,parsed,<= 50,True
p02573_s798643861.py,SemBench/data/python_codenet/code/p02573_s798643861.py,p02573,s798643861.py,p02573/s798643861.py,SemBench/data/python/codenet_python/Project_CodeNet_Python800/p02573/s798643861.py,36,<= 50,2,2,0,0,0,5,3,0,11,26,12,871,True,,17,2,55,parsed,<= 50,True
p02609_s550861482.py,SemBench/data/python_codenet/code/p02609_s550861482.py,p02609,s550861482.py,p02609/s550861482.py,SemBench/data/python/codenet_python/Project_CodeNet_Python800/p02609/s550861482.py,36,<= 50,3,3,0,0,0,2,5,4,16,19,12,836,True,,1,0,37,parsed,<= 50,True
p02804_s038127654.py,SemBench/data/python_codenet/code/p02804_s038127654.py,p02804,s038127654.py,p02804/s038127654.py,SemBench/data/python/codenet_python/Project_CodeNet_Python800/p02804/s038127654.py,36,<= 50,2,2,0,0,0,3,4,1,22,15,17,1089,True,,5,4,45,parsed,<= 50,True
p03362_s418643874.py,SemBench/data/python_codenet/code/p03362_s418643874.py,p03362,s418643874.py,p03362/s418643874.py,SemBench/data/python/codenet_python/Project_CodeNet_Python800/p03362/s418643874.py,36,<= 50,10,10,0,0,0,3,3,10,9,34,13,1431,True,,5,5,46,parsed,<= 50,True
p03827_s084521554.py,SemBench/data/python_codenet/code/p03827_s084521554.py,p03827,s084521554.py,p03827/s084521554.py,SemBench/data/python/codenet_python/Project_CodeNet_Python800/p03827/s084521554.py,36,<= 50,5,5,0,0,0,1,1,5,8,19,10,863,True,,6,3,45,parsed,<= 50,True
p02732_s698469761.py,SemBench/data/python_codenet/code/p02732_s698469761.py,p02732,s698469761.py,p02732/s698469761.py,SemBench/data/python/codenet_python/Project_CodeNet_Python800/p02732/s698469761.py,37,<= 50,12,12,0,0,0,3,2,11,10,35,11,1043,True,,14,0,51,parsed,<= 50,True
p03147_s600271567.py,SemBench/data/python_codenet/code/p03147_s600271567.py,p03147,s600271567.py,p03147/s600271567.py,SemBench/data/python/codenet_python/Project_CodeNet_Python800/p03147/s600271567.py,37,<= 50,6,6,0,0,0,3,4,5,11,19,12,879,True,,5,1,43,parsed,<= 50,True
p02384_s114501927.py,SemBench/data/python_codenet/code/p02384_s114501927.py,p02384,s114501927.py,p02384/s114501927.py,SemBench/data/python/codenet_python/Project_CodeNet_Python800/p02384/s114501927.py,38,<= 50,4,0,0,1,4,6,6,0,14,20,16,1218,True,,6,0,44,parsed,<= 50,True
p02769_s358341430.py,SemBench/data/python_codenet/code/p02769_s358341430.py,p02769,s358341430.py,p02769/s358341430.py,SemBench/data/python/codenet_python/Project_CodeNet_Python800/p02769/s358341430.py,38,<= 50,4,1,0,1,3,3,5,6,16,14,14,1272,True,,12,0,50,parsed,<= 50,True
p03732_s733488967.py,SemBench/data/python_codenet/code/p03732_s733488967.py,p03732,s733488967.py,p03732/s733488967.py,SemBench/data/python/codenet_python/Project_CodeNet_Python800/p03732/s733488967.py,38,<= 50,4,4,0,0,0,7,2,4,13,30,15,1218,True,,6,1,45,parsed,<= 50,True
p03013_s539805747.py,SemBench/data/python_codenet/code/p03013_s539805747.py,p03013,s539805747.py,p03013/s539805747.py,SemBench/data/python/codenet_python/Project_CodeNet_Python800/p03013/s539805747.py,39,<= 50,4,4,0,0,0,3,4,6,16,21,10,873,True,,10,0,49,parsed,<= 50,True
p03031_s774976143.py,SemBench/data/python_codenet/code/p03031_s774976143.py,p03031,s774976143.py,p03031/s774976143.py,SemBench/data/python/codenet_python/Project_CodeNet_Python800/p03031/s774976143.py,39,<= 50,6,6,0,0,0,6,5,4,15,27,12,1030,True,,15,1,55,parsed,<= 50,True
p03209_s168029037.py,SemBench/data/python_codenet/code/p03209_s168029037.py,p03209,s168029037.py,p03209/s168029037.py,SemBench/data/python/codenet_python/Project_CodeNet_Python800/p03209/s168029037.py,40,<= 50,5,5,0,0,0,3,2,5,17,19,10,1275,True,,5,3,48,parsed,<= 50,True
p03140_s915375075.py,SemBench/data/python_codenet/code/p03140_s915375075.py,p03140,s915375075.py,p03140/s915375075.py,SemBench/data/python/codenet_python/Project_CodeNet_Python800/p03140/s915375075.py,41,<= 50,3,3,0,0,0,3,8,7,18,12,9,1015,True,,5,0,46,parsed,<= 50,True
p03283_s511542875.py,SemBench/data/python_codenet/code/p03283_s511542875.py,p03283,s511542875.py,p03283/s511542875.py,SemBench/data/python/codenet_python/Project_CodeNet_Python800/p03283/s511542875.py,41,<= 50,4,1,0,1,3,7,0,1,21,20,11,1362,True,,10,9,60,parsed,<= 50,True
p03450_s458111253.py,SemBench/data/python_codenet/code/p03450_s458111253.py,p03450,s458111253.py,p03450/s458111253.py,SemBench/data/python/codenet_python/Project_CodeNet_Python800/p03450/s458111253.py,42,<= 50,5,0,0,1,5,2,5,4,17,21,11,1331,True,,9,0,51,parsed,<= 50,True
p04034_s475553918.py,SemBench/data/python_codenet/code/p04034_s475553918.py,p04034,s475553918.py,p04034/s475553918.py,SemBench/data/python/codenet_python/Project_CodeNet_Python800/p04034/s475553918.py,42,<= 50,5,5,0,0,0,2,3,5,16,22,11,1324,True,,7,0,49,parsed,<= 50,True
p02550_s165321081.py,SemBench/data/python_codenet/code/p02550_s165321081.py,p02550,s165321081.py,p02550/s165321081.py,SemBench/data/python/codenet_python/Project_CodeNet_Python800/p02550/s165321081.py,43,<= 50,2,2,0,0,0,5,5,2,22,14,10,1174,True,,6,1,50,parsed,<= 50,True
p02837_s727646855.py,SemBench/data/python_codenet/code/p02837_s727646855.py,p02837,s727646855.py,p02837/s727646855.py,SemBench/data/python/codenet_python/Project_CodeNet_Python800/p02837/s727646855.py,43,<= 50,3,3,0,0,0,6,5,5,18,27,10,850,True,,0,0,43,parsed,<= 50,True
p03074_s087163190.py,SemBench/data/python_codenet/code/p03074_s087163190.py,p03074,s087163190.py,p03074/s087163190.py,SemBench/data/python/codenet_python/Project_CodeNet_Python800/p03074/s087163190.py,43,<= 50,5,5,0,0,0,2,2,5,15,27,11,1316,True,,5,5,53,parsed,<= 50,True
p02788_s443546131.py,SemBench/data/python_codenet/code/p02788_s443546131.py,p02788,s443546131.py,p02788/s443546131.py,SemBench/data/python/codenet_python/Project_CodeNet_Python800/p02788/s443546131.py,44,<= 50,4,4,0,0,0,6,1,2,18,28,11,847,True,,8,0,52,parsed,<= 50,True
p03053_s126833825.py,SemBench/data/python_codenet/code/p03053_s126833825.py,p03053,s126833825.py,p03053/s126833825.py,SemBench/data/python/codenet_python/Project_CodeNet_Python800/p03053/s126833825.py,44,<= 50,5,5,0,0,0,4,3,4,17,26,11,1527,True,,12,13,69,parsed,<= 50,True
p03061_s770380874.py,SemBench/data/python_codenet/code/p03061_s770380874.py,p03061,s770380874.py,p03061/s770380874.py,SemBench/data/python/codenet_python/Project_CodeNet_Python800/p03061/s770380874.py,44,<= 50,3,0,0,1,3,5,2,1,30,22,12,1377,True,,6,3,53,parsed,<= 50,True
p03409_s648399368.py,SemBench/data/python_codenet/code/p03409_s648399368.py,p03409,s648399368.py,p03409/s648399368.py,SemBench/data/python/codenet_python/Project_CodeNet_Python800/p03409/s648399368.py,44,<= 50,2,2,0,0,0,6,5,4,22,20,11,976,True,,5,0,49,parsed,<= 50,True
p03045_s514131408.py,SemBench/data/python_codenet/code/p03045_s514131408.py,p03045,s514131408.py,p03045/s514131408.py,SemBench/data/python/codenet_python/Project_CodeNet_Python800/p03045/s514131408.py,45,<= 50,10,0,0,1,10,2,3,10,14,32,13,1437,True,,17,0,62,parsed,<= 50,True
p02383_s168674179.py,SemBench/data/python_codenet/code/p02383_s168674179.py,p02383,s168674179.py,p02383/s168674179.py,SemBench/data/python/codenet_python/Project_CodeNet_Python800/p02383/s168674179.py,46,<= 50,3,0,0,1,3,1,4,1,31,7,11,1236,True,,7,0,53,parsed,<= 50,True
p02855_s536566448.py,SemBench/data/python_codenet/code/p02855_s536566448.py,p02855,s536566448.py,p02855/s536566448.py,SemBench/data/python/codenet_python/Project_CodeNet_Python800/p02855/s536566448.py,46,<= 50,2,2,0,0,0,9,5,2,21,23,12,956,True,,5,1,52,parsed,<= 50,True
p02954_s645589390.py,SemBench/data/python_codenet/code/p02954_s645589390.py,p02954,s645589390.py,p02954/s645589390.py,SemBench/data/python/codenet_python/Project_CodeNet_Python800/p02954/s645589390.py,47,<= 50,12,12,0,0,0,1,3,11,21,35,13,1396,True,,11,0,58,parsed,<= 50,True
p03211_s208107338.py,SemBench/data/python_codenet/code/p03211_s208107338.py,p03211,s208107338.py,p03211/s208107338.py,SemBench/data/python/codenet_python/Project_CodeNet_Python800/p03211/s208107338.py,47,<= 50,5,5,0,0,0,3,8,4,20,17,12,3609,True,,32,57,136,parsed,<= 50,True
p02883_s779451713.py,SemBench/data/python_codenet/code/p02883_s779451713.py,p02883,s779451713.py,p02883/s779451713.py,SemBench/data/python/codenet_python/Project_CodeNet_Python800/p02883/s779451713.py,48,<= 50,15,14,1,0,0,2,4,17,17,42,12,1462,True,,12,0,60,parsed,<= 50,True
p03959_s058873062.py,SemBench/data/python_codenet/code/p03959_s058873062.py,p03959,s058873062.py,p03959/s058873062.py,SemBench/data/python/codenet_python/Project_CodeNet_Python800/p03959/s058873062.py,48,<= 50,5,5,0,0,0,3,5,5,18,33,12,1363,True,,9,1,58,parsed,<= 50,True
p04046_s602098093.py,SemBench/data/python_codenet/code/p04046_s602098093.py,p04046,s602098093.py,p04046/s602098093.py,SemBench/data/python/codenet_python/Project_CodeNet_Python800/p04046/s602098093.py,48,<= 50,9,9,0,0,0,3,0,9,10,28,16,1312,True,,20,21,89,parsed,<= 50,True
p02603_s126427867.py,SemBench/data/python_codenet/code/p02603_s126427867.py,p02603,s126427867.py,p02603/s126427867.py,SemBench/data/python/codenet_python/Project_CodeNet_Python800/p02603/s126427867.py,49,<= 50,13,13,0,0,0,2,5,14,17,41,12,1502,True,,13,0,62,parsed,<= 50,True
p03138_s630293866.py,SemBench/data/python_codenet/code/p03138_s630293866.py,p03138,s630293866.py,p03138/s630293866.py,SemBench/data/python/codenet_python/Project_CodeNet_Python800/p03138/s630293866.py,51,51-100,4,4,0,0,0,7,3,4,23,24,12,1178,True,,9,0,60,parsed,51-100,True
p03157_s369832898.py,SemBench/data/python_codenet/code/p03157_s369832898.py,p03157,s369832898.py,p03157/s369832898.py,SemBench/data/python/codenet_python/Project_CodeNet_Python800/p03157/s369832898.py,51,51-100,11,11,0,0,0,4,3,11,16,39,16,1788,True,,7,0,58,parsed,51-100,True
p03157_s844802629.py,SemBench/data/python_codenet/code/p03157_s844802629.py,p03157,s844802629.py,p03157/s844802629.py,SemBench/data/python/codenet_python/Project_CodeNet_Python800/p03157/s844802629.py,51,51-100,4,1,0,1,3,5,10,3,20,20,12,2182,True,,13,1,65,parsed,51-100,True
p03157_s879932912.py,SemBench/data/python_codenet/code/p03157_s879932912.py,p03157,s879932912.py,p03157/s879932912.py,SemBench/data/python/codenet_python/Project_CodeNet_Python800/p03157/s879932912.py,51,51-100,5,0,0,1,5,5,10,5,22,23,12,2401,True,,12,14,77,parsed,51-100,True
p03263_s031020529.py,SemBench/data/python_codenet/code/p03263_s031020529.py,p03263,s031020529.py,p03263/s031020529.py,SemBench/data/python/codenet_python/Project_CodeNet_Python800/p03263/s031020529.py,51,51-100,2,2,0,0,0,5,8,1,16,25,14,1554,True,,9,0,60,parsed,51-100,True
p02574_s197332882.py,SemBench/data/python_codenet/code/p02574_s197332882.py,p02574,s197332882.py,p02574/s197332882.py,SemBench/data/python/codenet_python/Project_CodeNet_Python800/p02574/s197332882.py,52,51-100,2,2,0,0,0,5,9,2,17,31,10,1634,True,,11,7,70,parsed,51-100,True
p03157_s098041763.py,SemBench/data/python_codenet/code/p03157_s098041763.py,p03157,s098041763.py,p03157/s098041763.py,SemBench/data/python/codenet_python/Project_CodeNet_Python800/p03157/s098041763.py,52,51-100,10,10,0,0,0,4,6,10,31,36,18,2559,True,,2,4,58,parsed,51-100,True
p03213_s651226795.py,SemBench/data/python_codenet/code/p03213_s651226795.py,p03213,s651226795.py,p03213/s651226795.py,SemBench/data/python/codenet_python/Project_CodeNet_Python800/p03213/s651226795.py,52,51-100,2,2,0,0,0,5,10,1,29,9,12,1345,True,,15,0,67,parsed,51-100,True
p03148_s101371577.py,SemBench/data/python_codenet/code/p03148_s101371577.py,p03148,s101371577.py,p03148/s101371577.py,SemBench/data/python/codenet_python/Project_CodeNet_Python800/p03148/s101371577.py,53,51-100,5,5,0,0,0,8,3,5,19,51,12,1290,True,,16,1,70,parsed,51-100,True
p03855_s229276244.py,SemBench/data/python_codenet/code/p03855_s229276244.py,p03855,s229276244.py,p03855/s229276244.py,SemBench/data/python/codenet_python/Project_CodeNet_Python800/p03855/s229276244.py,53,51-100,4,0,0,1,4,5,7,4,22,31,11,1645,True,,5,5,63,parsed,51-100,True
p02574_s611689234.py,SemBench/data/python_codenet/code/p02574_s611689234.py,p02574,s611689234.py,p02574/s611689234.py,SemBench/data/python/codenet_python/Project_CodeNet_Python800/p02574/s611689234.py,54,51-100,6,6,0,0,0,7,7,4,19,33,14,2097,True,,28,22,104,parsed,51-100,True
p02618_s343130027.py,SemBench/data/python_codenet/code/p02618_s343130027.py,p02618,s343130027.py,p02618/s343130027.py,SemBench/data/python/codenet_python/Project_CodeNet_Python800/p02618/s343130027.py,54,51-100,3,3,0,0,0,8,5,3,33,25,12,1355,True,,2,1,57,parsed,51-100,True
p02762_s673324082.py,SemBench/data/python_codenet/code/p02762_s673324082.py,p02762,s673324082.py,p02762/s673324082.py,SemBench/data/python/codenet_python/Project_CodeNet_Python800/p02762/s673324082.py,54,51-100,7,2,0,1,5,6,3,6,26,26,11,1344,True,,9,3,66,parsed,51-100,True
p02900_s431961535.py,SemBench/data/python_codenet/code/p02900_s431961535.py,p02900,s431961535.py,p02900/s431961535.py,SemBench/data/python/codenet_python/Project_CodeNet_Python800/p02900/s431961535.py,54,51-100,2,2,0,0,0,6,8,2,23,18,12,1550,True,,8,6,68,parsed,51-100,True
p03436_s292806755.py,SemBench/data/python_codenet/code/p03436_s292806755.py,p03436,s292806755.py,p03436/s292806755.py,SemBench/data/python/codenet_python/Project_CodeNet_Python800/p03436/s292806755.py,54,51-100,5,5,0,0,0,5,4,5,22,31,11,1394,True,,1,2,57,parsed,51-100,True
p02586_s463371996.py,SemBench/data/python_codenet/code/p02586_s463371996.py,p02586,s463371996.py,p02586/s463371996.py,SemBench/data/python/codenet_python/Project_CodeNet_Python800/p02586/s463371996.py,55,51-100,9,1,0,2,8,4,4,3,31,24,13,1806,True,,14,2,71,parsed,51-100,True
p02586_s872461120.py,SemBench/data/python_codenet/code/p02586_s872461120.py,p02586,s872461120.py,p02586/s872461120.py,SemBench/data/python/codenet_python/Project_CodeNet_Python800/p02586/s872461120.py,55,51-100,9,1,0,2,8,4,4,3,31,22,13,1750,True,,14,2,71,parsed,51-100,True
p02763_s003123876.py,SemBench/data/python_codenet/code/p02763_s003123876.py,p02763,s003123876.py,p02763/s003123876.py,SemBench/data/python/codenet_python/Project_CodeNet_Python800/p02763/s003123876.py,55,51-100,3,0,0,1,3,6,8,5,24,26,13,1787,True,,5,9,69,parsed,51-100,True
p02834_s028230337.py,SemBench/data/python_codenet/code/p02834_s028230337.py,p02834,s028230337.py,p02834/s028230337.py,SemBench/data/python/codenet_python/Project_CodeNet_Python800/p02834/s028230337.py,55,51-100,4,4,0,0,0,6,4,2,19,31,11,1211,True,,18,3,76,parsed,51-100,True
p03230_s936378682.py,SemBench/data/python_codenet/code/p03230_s936378682.py,p03230,s936378682.py,p03230/s936378682.py,SemBench/data/python/codenet_python/Project_CodeNet_Python800/p03230/s936378682.py,56,51-100,12,12,0,0,0,4,2,12,13,31,11,2078,True,,5,3,64,parsed,51-100,True
p03488_s975743243.py,SemBench/data/python_codenet/code/p03488_s975743243.py,p03488,s975743243.py,p03488/s975743243.py,SemBench/data/python/codenet_python/Project_CodeNet_Python800/p03488/s975743243.py,56,51-100,2,2,0,0,0,5,9,1,24,15,14,1661,True,,9,0,65,parsed,51-100,True
p02619_s810908825.py,SemBench/data/python_codenet/code/p02619_s810908825.py,p02619,s810908825.py,p02619/s810908825.py,SemBench/data/python/codenet_python/Project_CodeNet_Python800/p02619/s810908825.py,57,51-100,2,2,0,0,0,8,1,2,28,29,11,2055,True,,10,0,67,parsed,51-100,True
p02574_s645769284.py,SemBench/data/python_codenet/code/p02574_s645769284.py,p02574,s645769284.py,p02574/s645769284.py,SemBench/data/python/codenet_python/Project_CodeNet_Python800/p02574/s645769284.py,58,51-100,2,2,0,0,0,7,9,2,21,30,12,1667,True,,6,3,67,parsed,51-100,True
p03946_s228181859.py,SemBench/data/python_codenet/code/p03946_s228181859.py,p03946,s228181859.py,p03946/s228181859.py,SemBench/data/python/codenet_python/Project_CodeNet_Python800/p03946/s228181859.py,58,51-100,4,0,0,1,4,8,6,3,28,32,12,1932,True,,18,8,84,parsed,51-100,True
p02881_s231275951.py,SemBench/data/python_codenet/code/p02881_s231275951.py,p02881,s231275951.py,p02881/s231275951.py,SemBench/data/python/codenet_python/Project_CodeNet_Python800/p02881/s231275951.py,59,51-100,10,10,0,0,0,4,3,9,13,35,10,1580,True,,8,3,70,parsed,51-100,True
p02679_s930386478.py,SemBench/data/python_codenet/code/p02679_s930386478.py,p02679,s930386478.py,p02679/s930386478.py,SemBench/data/python/codenet_python/Project_CodeNet_Python800/p02679/s930386478.py,60,51-100,2,2,0,0,0,3,9,3,36,14,11,988,True,,3,0,63,parsed,51-100,True
p03253_s333301232.py,SemBench/data/python_codenet/code/p03253_s333301232.py,p03253,s333301232.py,p03253/s333301232.py,SemBench/data/python/codenet_python/Project_CodeNet_Python800/p03253/s333301232.py,60,51-100,3,2,1,0,0,6,9,5,20,16,13,1649,True,,7,5,72,parsed,51-100,True
p02821_s213199994.py,SemBench/data/python_codenet/code/p02821_s213199994.py,p02821,s213199994.py,p02821/s213199994.py,SemBench/data/python/codenet_python/Project_CodeNet_Python800/p02821/s213199994.py,61,51-100,3,3,0,0,0,8,5,3,38,31,13,1598,True,,8,3,72,parsed,51-100,True
p02985_s844545173.py,SemBench/data/python_codenet/code/p02985_s844545173.py,p02985,s844545173.py,p02985/s844545173.py,SemBench/data/python/codenet_python/Project_CodeNet_Python800/p02985/s844545173.py,61,51-100,3,3,0,0,0,5,4,3,21,27,13,2305,True,,11,4,76,parsed,51-100,True
p03157_s640142938.py,SemBench/data/python_codenet/code/p03157_s640142938.py,p03157,s640142938.py,p03157/s640142938.py,SemBench/data/python/codenet_python/Project_CodeNet_Python800/p03157/s640142938.py,61,51-100,3,3,0,0,0,10,10,2,15,34,17,1815,True,,0,3,64,parsed,51-100,True
p02852_s824740052.py,SemBench/data/python_codenet/code/p02852_s824740052.py,p02852,s824740052.py,p02852/s824740052.py,SemBench/data/python/codenet_python/Project_CodeNet_Python800/p02852/s824740052.py,62,51-100,7,7,0,0,0,3,4,8,14,31,11,1359,True,,12,0,74,parsed,51-100,True
p02384_s496885715.py,SemBench/data/python_codenet/code/p02384_s496885715.py,p02384,s496885715.py,p02384/s496885715.py,SemBench/data/python/codenet_python/Project_CodeNet_Python800/p02384/s496885715.py,63,51-100,8,0,0,1,8,7,11,2,20,37,14,2143,True,,9,0,72,parsed,51-100,True
p02619_s912893280.py,SemBench/data/python_codenet/code/p02619_s912893280.py,p02619,s912893280.py,p02619/s912893280.py,SemBench/data/python/codenet_python/Project_CodeNet_Python800/p02619/s912893280.py,63,51-100,6,6,0,0,0,6,7,7,26,35,17,2032,True,,8,4,75,parsed,51-100,True
p02618_s826229309.py,SemBench/data/python_codenet/code/p02618_s826229309.py,p02618,s826229309.py,p02618/s826229309.py,SemBench/data/python/codenet_python/Project_CodeNet_Python800/p02618/s826229309.py,64,51-100,2,2,0,0,0,3,5,1,43,34,11,1672,True,,3,0,67,parsed,51-100,True
p02793_s260202205.py,SemBench/data/python_codenet/code/p02793_s260202205.py,p02793,s260202205.py,p02793/s260202205.py,SemBench/data/python/codenet_python/Project_CodeNet_Python800/p02793/s260202205.py,64,51-100,7,2,0,2,5,11,7,4,30,30,11,2187,True,,4,0,68,parsed,51-100,True
p03222_s046558339.py,SemBench/data/python_codenet/code/p03222_s046558339.py,p03222,s046558339.py,p03222/s046558339.py,SemBench/data/python/codenet_python/Project_CodeNet_Python800/p03222/s046558339.py,64,51-100,3,2,1,0,0,8,15,2,30,23,15,3044,True,,16,6,86,parsed,51-100,True
p03330_s976152490.py,SemBench/data/python_codenet/code/p03330_s976152490.py,p03330,s976152490.py,p03330/s976152490.py,SemBench/data/python/codenet_python/Project_CodeNet_Python800/p03330/s976152490.py,64,51-100,3,3,0,0,0,15,5,2,26,42,14,1412,True,,19,5,88,parsed,51-100,True
p03354_s834184012.py,SemBench/data/python_codenet/code/p03354_s834184012.py,p03354,s834184012.py,p03354/s834184012.py,SemBench/data/python/codenet_python/Project_CodeNet_Python800/p03354/s834184012.py,64,51-100,11,1,0,1,10,5,7,10,24,43,13,2088,True,,18,1,83,parsed,51-100,True
p03402_s139111830.py,SemBench/data/python_codenet/code/p03402_s139111830.py,p03402,s139111830.py,p03402/s139111830.py,SemBench/data/python/codenet_python/Project_CodeNet_Python800/p03402/s139111830.py,64,51-100,9,9,0,0,0,9,4,9,12,39,12,1856,True,,11,4,79,parsed,51-100,True
p03593_s783459377.py,SemBench/data/python_codenet/code/p03593_s783459377.py,p03593,s783459377.py,p03593/s783459377.py,SemBench/data/python/codenet_python/Project_CodeNet_Python800/p03593/s783459377.py,64,51-100,4,4,0,0,0,7,8,4,23,34,11,1444,True,,9,2,75,parsed,51-100,True
p03213_s787167232.py,SemBench/data/python_codenet/code/p03213_s787167232.py,p03213,s787167232.py,p03213/s787167232.py,SemBench/data/python/codenet_python/Project_CodeNet_Python800/p03213/s787167232.py,65,51-100,4,4,0,0,0,6,10,4,33,27,12,1419,True,,10,2,77,parsed,51-100,True
p03039_s623115521.py,SemBench/data/python_codenet/code/p03039_s623115521.py,p03039,s623115521.py,p03039/s623115521.py,SemBench/data/python/codenet_python/Project_CodeNet_Python800/p03039/s623115521.py,66,51-100,11,5,0,1,6,5,5,9,28,31,11,1638,True,,10,4,80,parsed,51-100,True
p03157_s201056188.py,SemBench/data/python_codenet/code/p03157_s201056188.py,p03157,s201056188.py,p03157/s201056188.py,SemBench/data/python/codenet_python/Project_CodeNet_Python800/p03157/s201056188.py,66,51-100,4,3,1,0,0,6,12,4,26,24,13,1947,True,,14,0,80,parsed,51-100,True
p03157_s167399172.py,SemBench/data/python_codenet/code/p03157_s167399172.py,p03157,s167399172.py,p03157/s167399172.py,SemBench/data/python/codenet_python/Project_CodeNet_Python800/p03157/s167399172.py,68,51-100,6,0,0,1,6,7,8,6,22,27,12,1897,True,,9,2,79,parsed,51-100,True
p03409_s136890596.py,SemBench/data/python_codenet/code/p03409_s136890596.py,p03409,s136890596.py,p03409/s136890596.py,SemBench/data/python/codenet_python/Project_CodeNet_Python800/p03409/s136890596.py,68,51-100,6,1,0,1,5,10,6,5,27,39,12,2173,True,,7,0,75,parsed,51-100,True
p03722_s178694294.py,SemBench/data/python_codenet/code/p03722_s178694294.py,p03722,s178694294.py,p03722/s178694294.py,SemBench/data/python/codenet_python/Project_CodeNet_Python800/p03722/s178694294.py,68,51-100,3,3,0,0,0,8,12,7,27,25,12,1762,True,,13,7,88,parsed,51-100,True
p03828_s086293240.py,SemBench/data/python_codenet/code/p03828_s086293240.py,p03828,s086293240.py,p03828/s086293240.py,SemBench/data/python/codenet_python/Project_CodeNet_Python800/p03828/s086293240.py,68,51-100,6,0,0,1,6,7,7,4,22,26,13,2356,True,,30,14,112,parsed,51-100,True
p02763_s734669679.py,SemBench/data/python_codenet/code/p02763_s734669679.py,p02763,s734669679.py,p02763/s734669679.py,SemBench/data/python/codenet_python/Project_CodeNet_Python800/p02763/s734669679.py,69,51-100,4,1,0,1,3,10,4,2,42,34,12,2093,True,,14,5,88,parsed,51-100,True
p03476_s675740467.py,SemBench/data/python_codenet/code/p03476_s675740467.py,p03476,s675740467.py,p03476/s675740467.py,SemBench/data/python/codenet_python/Project_CodeNet_Python800/p03476/s675740467.py,70,51-100,15,10,0,1,5,8,5,13,25,41,13,2692,True,,11,12,93,parsed,51-100,True
p02781_s869063221.py,SemBench/data/python_codenet/code/p02781_s869063221.py,p02781,s869063221.py,p02781/s869063221.py,SemBench/data/python/codenet_python/Project_CodeNet_Python800/p02781/s869063221.py,71,51-100,8,8,0,0,0,12,19,9,16,43,19,2428,True,,13,5,89,parsed,51-100,True
p02792_s330909142.py,SemBench/data/python_codenet/code/p02792_s330909142.py,p02792,s330909142.py,p02792/s330909142.py,SemBench/data/python/codenet_python/Project_CodeNet_Python800/p02792/s330909142.py,71,51-100,7,3,0,1,4,7,9,6,22,33,12,2155,True,,10,1,82,parsed,51-100,True
p02618_s201808531.py,SemBench/data/python_codenet/code/p02618_s201808531.py,p02618,s201808531.py,p02618/s201808531.py,SemBench/data/python/codenet_python/Project_CodeNet_Python800/p02618/s201808531.py,72,51-100,3,0,0,1,3,6,6,2,41,40,15,2464,True,,6,0,78,parsed,51-100,True
p02716_s340249687.py,SemBench/data/python_codenet/code/p02716_s340249687.py,p02716,s340249687.py,p02716/s340249687.py,SemBench/data/python/codenet_python/Project_CodeNet_Python800/p02716/s340249687.py,73,51-100,9,9,0,0,0,6,9,9,21,51,15,3244,True,,8,18,99,parsed,51-100,True
p02949_s335009955.py,SemBench/data/python_codenet/code/p02949_s335009955.py,p02949,s335009955.py,p02949/s335009955.py,SemBench/data/python/codenet_python/Project_CodeNet_Python800/p02949/s335009955.py,73,51-100,4,4,0,0,0,14,10,6,35,32,12,1829,True,,4,10,87,parsed,51-100,True
p03033_s749991008.py,SemBench/data/python_codenet/code/p03033_s749991008.py,p03033,s749991008.py,p03033/s749991008.py,SemBench/data/python/codenet_python/Project_CodeNet_Python800/p03033/s749991008.py,73,51-100,4,1,3,0,0,11,5,2,40,36,12,2076,True,,23,4,100,parsed,51-100,True
p03076_s686208956.py,SemBench/data/python_codenet/code/p03076_s686208956.py,p03076,s686208956.py,p03076/s686208956.py,SemBench/data/python/codenet_python/Project_CodeNet_Python800/p03076/s686208956.py,74,51-100,6,6,0,0,0,4,12,4,28,32,10,5749,True,,44,85,203,parsed,51-100,True
p02384_s226544562.py,SemBench/data/python_codenet/code/p02384_s226544562.py,p02384,s226544562.py,p02384/s226544562.py,SemBench/data/python/codenet_python/Project_CodeNet_Python800/p02384/s226544562.py,80,51-100,8,1,0,1,7,4,10,1,42,24,13,2233,True,,9,0,89,parsed,51-100,True
p02763_s207190948.py,SemBench/data/python_codenet/code/p02763_s207190948.py,p02763,s207190948.py,p02763/s207190948.py,SemBench/data/python/codenet_python/Project_CodeNet_Python800/p02763/s207190948.py,86,51-100,6,2,0,1,4,5,3,4,27,38,13,2336,True,,7,4,97,parsed,51-100,True
p02763_s783202076.py,SemBench/data/python_codenet/code/p02763_s783202076.py,p02763,s783202076.py,p02763/s783202076.py,SemBench/data/python/codenet_python/Project_CodeNet_Python800/p02763/s783202076.py,86,51-100,8,0,0,1,8,10,9,7,36,40,14,2964,True,,16,1,103,parsed,51-100,True
p02850_s179363617.py,SemBench/data/python_codenet/code/p02850_s179363617.py,p02850,s179363617.py,p02850/s179363617.py,SemBench/data/python/codenet_python/Project_CodeNet_Python800/p02850/s179363617.py,90,51-100,15,15,0,0,0,10,11,18,26,71,12,2867,True,,25,18,133,parsed,51-100,True
p03017_s525654148.py,SemBench/data/python_codenet/code/p03017_s525654148.py,p03017,s525654148.py,p03017/s525654148.py,SemBench/data/python/codenet_python/Project_CodeNet_Python800/p03017/s525654148.py,91,51-100,11,11,0,0,0,8,15,10,19,41,12,2056,True,,14,2,107,parsed,51-100,True
p03660_s040770340.py,SemBench/data/python_codenet/code/p03660_s040770340.py,p03660,s040770340.py,p03660/s040770340.py,SemBench/data/python/codenet_python/Project_CodeNet_Python800/p03660/s040770340.py,93,51-100,11,11,0,0,0,9,6,11,30,48,10,2525,True,,20,5,118,parsed,51-100,True
p03291_s438278250.py,SemBench/data/python_codenet/code/p03291_s438278250.py,p03291,s438278250.py,p03291/s438278250.py,SemBench/data/python/codenet_python/Project_CodeNet_Python800/p03291/s438278250.py,99,51-100,17,16,1,0,0,11,9,14,40,43,14,2501,True,,7,10,116,parsed,51-100,True
p03033_s511300363.py,SemBench/data/python_codenet/code/p03033_s511300363.py,p03033,s511300363.py,p03033/s511300363.py,SemBench/data/python/codenet_python/Project_CodeNet_Python800/p03033/s511300363.py,101,101-200,19,7,0,1,12,5,13,16,23,50,12,3673,True,,17,10,128,parsed,101-200,True
p02763_s242163253.py,SemBench/data/python_codenet/code/p02763_s242163253.py,p02763,s242163253.py,p02763/s242163253.py,SemBench/data/python/codenet_python/Project_CodeNet_Python800/p02763/s242163253.py,103,101-200,10,1,0,1,9,13,12,8,50,51,13,3329,True,,2,0,105,parsed,101-200,True
p03503_s023331534.py,SemBench/data/python_codenet/code/p03503_s023331534.py,p03503,s023331534.py,p03503/s023331534.py,SemBench/data/python/codenet_python/Project_CodeNet_Python800/p03503/s023331534.py,103,101-200,14,3,0,2,11,7,10,17,22,38,12,2672,True,,23,2,128,parsed,101-200,True
p03291_s534909243.py,SemBench/data/python_codenet/code/p03291_s534909243.py,p03291,s534909243.py,p03291/s534909243.py,SemBench/data/python/codenet_python/Project_CodeNet_Python800/p03291/s534909243.py,105,101-200,26,16,0,1,10,3,16,31,21,77,13,3850,True,,18,12,135,parsed,101-200,True
p03409_s182029721.py,SemBench/data/python_codenet/code/p03409_s182029721.py,p03409,s182029721.py,p03409/s182029721.py,SemBench/data/python/codenet_python/Project_CodeNet_Python800/p03409/s182029721.py,105,101-200,10,10,0,0,0,10,8,11,31,52,12,3412,True,,18,14,137,parsed,101-200,True
p02616_s001285962.py,SemBench/data/python_codenet/code/p02616_s001285962.py,p02616,s001285962.py,p02616/s001285962.py,SemBench/data/python/codenet_python/Project_CodeNet_Python800/p02616/s001285962.py,106,101-200,2,2,0,0,0,7,17,10,40,174,11,4522,True,,25,8,139,parsed,101-200,True
p02384_s723424832.py,SemBench/data/python_codenet/code/p02384_s723424832.py,p02384,s723424832.py,p02384/s723424832.py,SemBench/data/python/codenet_python/Project_CodeNet_Python800/p02384/s723424832.py,108,101-200,8,0,0,1,8,2,10,0,70,26,19,3213,True,,16,0,124,parsed,101-200,True
p02618_s262718351.py,SemBench/data/python_codenet/code/p02618_s262718351.py,p02618,s262718351.py,p02618/s262718351.py,SemBench/data/python/codenet_python/Project_CodeNet_Python800/p02618/s262718351.py,110,101-200,6,6,0,0,0,9,12,5,56,40,14,2655,True,,12,5,127,parsed,101-200,True
p03212_s646077396.py,SemBench/data/python_codenet/code/p03212_s646077396.py,p03212,s646077396.py,p03212/s646077396.py,SemBench/data/python/codenet_python/Project_CodeNet_Python800/p03212/s646077396.py,110,101-200,18,18,0,0,0,6,13,18,26,89,12,3033,True,,23,6,139,parsed,101-200,True
p02821_s980518272.py,SemBench/data/python_codenet/code/p02821_s980518272.py,p02821,s980518272.py,p02821/s980518272.py,SemBench/data/python/codenet_python/Project_CodeNet_Python800/p02821/s980518272.py,111,101-200,8,8,0,0,0,10,15,10,47,36,13,2461,True,,31,0,142,parsed,101-200,True
p03045_s771098272.py,SemBench/data/python_codenet/code/p03045_s771098272.py,p03045,s771098272.py,p03045/s771098272.py,SemBench/data/python/codenet_python/Project_CodeNet_Python800/p03045/s771098272.py,111,101-200,9,8,1,0,0,12,20,14,36,43,12,3036,True,,23,8,142,parsed,101-200,True
p03806_s913675127.py,SemBench/data/python_codenet/code/p03806_s913675127.py,p03806,s913675127.py,p03806/s913675127.py,SemBench/data/python/codenet_python/Project_CodeNet_Python800/p03806/s913675127.py,111,101-200,15,1,0,2,14,8,14,23,19,38,15,2914,True,,24,2,137,parsed,101-200,True
p02662_s263009954.py,SemBench/data/python_codenet/code/p02662_s263009954.py,p02662,s263009954.py,p02662/s263009954.py,SemBench/data/python/codenet_python/Project_CodeNet_Python800/p02662/s263009954.py,114,101-200,12,11,1,0,0,9,9,14,50,54,13,2671,True,,10,2,126,parsed,101-200,True
p04000_s480237114.py,SemBench/data/python_codenet/code/p04000_s480237114.py,p04000,s480237114.py,p04000/s480237114.py,SemBench/data/python/codenet_python/Project_CodeNet_Python800/p04000/s480237114.py,114,101-200,23,23,0,0,0,12,14,29,39,78,13,3656,True,,28,26,168,parsed,101-200,True
p02991_s556355261.py,SemBench/data/python_codenet/code/p02991_s556355261.py,p02991,s556355261.py,p02991/s556355261.py,SemBench/data/python/codenet_python/Project_CodeNet_Python800/p02991/s556355261.py,115,101-200,7,1,0,1,6,6,9,1,45,49,12,3657,True,,25,12,152,parsed,101-200,True
p02618_s854010124.py,SemBench/data/python_codenet/code/p02618_s854010124.py,p02618,s854010124.py,p02618/s854010124.py,SemBench/data/python/codenet_python/Project_CodeNet_Python800/p02618/s854010124.py,118,101-200,8,8,0,0,0,11,10,7,71,53,13,3828,True,,28,7,153,parsed,101-200,True
p03157_s541582380.py,SemBench/data/python_codenet/code/p03157_s541582380.py,p03157,s541582380.py,p03157/s541582380.py,SemBench/data/python/codenet_python/Project_CodeNet_Python800/p03157/s541582380.py,118,101-200,15,4,0,2,11,6,11,19,28,37,12,3079,True,,26,3,147,parsed,101-200,True
p02850_s305323231.py,SemBench/data/python_codenet/code/p02850_s305323231.py,p02850,s305323231.py,p02850/s305323231.py,SemBench/data/python/codenet_python/Project_CodeNet_Python800/p02850/s305323231.py,120,101-200,15,11,0,1,4,12,7,14,35,45,14,5470,True,,30,50,200,parsed,101-200,True
p02618_s228856172.py,SemBench/data/python_codenet/code/p02618_s228856172.py,p02618,s228856172.py,p02618/s228856172.py,SemBench/data/python/codenet_python/Project_CodeNet_Python800/p02618/s228856172.py,123,101-200,3,3,0,0,0,16,11,3,81,56,13,3770,True,,8,0,131,parsed,101-200,True
p02618_s317784974.py,SemBench/data/python_codenet/code/p02618_s317784974.py,p02618,s317784974.py,p02618/s317784974.py,SemBench/data/python/codenet_python/Project_CodeNet_Python800/p02618/s317784974.py,124,101-200,5,5,0,0,0,13,8,5,65,49,12,4232,True,,14,7,145,parsed,101-200,True
p02618_s404780057.py,SemBench/data/python_codenet/code/p02618_s404780057.py,p02618,s404780057.py,p02618/s404780057.py,SemBench/data/python/codenet_python/Project_CodeNet_Python800/p02618/s404780057.py,126,101-200,6,6,0,0,0,9,13,7,73,51,13,2963,True,,18,0,144,parsed,101-200,True
p02618_s825243620.py,SemBench/data/python_codenet/code/p02618_s825243620.py,p02618,s825243620.py,p02618/s825243620.py,SemBench/data/python/codenet_python/Project_CodeNet_Python800/p02618/s825243620.py,127,101-200,5,5,0,0,0,13,8,5,67,48,13,4176,True,,14,3,144,parsed,101-200,True
p02618_s842012859.py,SemBench/data/python_codenet/code/p02618_s842012859.py,p02618,s842012859.py,p02618/s842012859.py,SemBench/data/python/codenet_python/Project_CodeNet_Python800/p02618/s842012859.py,127,101-200,5,5,0,0,0,13,8,5,67,48,13,4214,True,,14,3,144,parsed,101-200,True
p03409_s332657671.py,SemBench/data/python_codenet/code/p03409_s332657671.py,p03409,s332657671.py,p03409/s332657671.py,SemBench/data/python/codenet_python/Project_CodeNet_Python800/p03409/s332657671.py,127,101-200,9,0,0,3,9,11,7,5,27,45,14,6277,True,,24,4,155,parsed,101-200,True
p02618_s145209608.py,SemBench/data/python_codenet/code/p02618_s145209608.py,p02618,s145209608.py,p02618/s145209608.py,SemBench/data/python/codenet_python/Project_CodeNet_Python800/p02618/s145209608.py,130,101-200,4,4,0,0,0,17,11,4,86,62,13,3959,True,,9,0,139,parsed,101-200,True
p03053_s759604946.py,SemBench/data/python_codenet/code/p03053_s759604946.py,p03053,s759604946.py,p03053/s759604946.py,SemBench/data/python/codenet_python/Project_CodeNet_Python800/p03053/s759604946.py,134,101-200,29,29,0,0,0,14,15,30,38,98,13,3922,True,,26,27,187,parsed,101-200,True
p03575_s439507730.py,SemBench/data/python_codenet/code/p03575_s439507730.py,p03575,s439507730.py,p03575/s439507730.py,SemBench/data/python/codenet_python/Project_CodeNet_Python800/p03575/s439507730.py,135,101-200,18,1,0,1,17,16,19,18,39,55,13,4537,True,,30,19,184,parsed,101-200,True
p03372_s468224299.py,SemBench/data/python_codenet/code/p03372_s468224299.py,p03372,s468224299.py,p03372/s468224299.py,SemBench/data/python/codenet_python/Project_CodeNet_Python800/p03372/s468224299.py,138,101-200,17,13,0,1,4,11,8,17,63,52,11,4025,True,,55,2,195,parsed,101-200,True
p02585_s681026815.py,SemBench/data/python_codenet/code/p02585_s681026815.py,p02585,s681026815.py,p02585/s681026815.py,SemBench/data/python/codenet_python/Project_CodeNet_Python800/p02585/s681026815.py,139,101-200,14,9,0,1,5,11,8,14,48,59,14,5481,True,,17,38,194,parsed,101-200,True
p03837_s172288680.py,SemBench/data/python_codenet/code/p03837_s172288680.py,p03837,s172288680.py,p03837/s172288680.py,SemBench/data/python/codenet_python/Project_CodeNet_Python800/p03837/s172288680.py,142,101-200,19,9,0,1,10,16,14,22,43,61,14,4596,True,,45,17,204,parsed,101-200,True
p03263_s988951309.py,SemBench/data/python_codenet/code/p03263_s988951309.py,p03263,s988951309.py,p03263/s988951309.py,SemBench/data/python/codenet_python/Project_CodeNet_Python800/p03263/s988951309.py,144,101-200,28,28,0,0,0,10,22,29,41,84,13,3762,True,,30,26,200,parsed,101-200,True
p02618_s552340714.py,SemBench/data/python_codenet/code/p02618_s552340714.py,p02618,s552340714.py,p02618/s552340714.py,SemBench/data/python/codenet_python/Project_CodeNet_Python800/p02618/s552340714.py,146,101-200,6,6,0,0,0,15,8,6,79,53,12,4973,True,,16,7,169,parsed,101-200,True
p02763_s411626956.py,SemBench/data/python_codenet/code/p02763_s411626956.py,p02763,s411626956.py,p02763/s411626956.py,SemBench/data/python/codenet_python/Project_CodeNet_Python800/p02763/s411626956.py,147,101-200,11,0,0,2,11,9,26,14,62,36,15,4508,True,,14,1,162,parsed,101-200,True
p02855_s227649199.py,SemBench/data/python_codenet/code/p02855_s227649199.py,p02855,s227649199.py,p02855/s227649199.py,SemBench/data/python/codenet_python/Project_CodeNet_Python800/p02855/s227649199.py,148,101-200,29,29,0,0,0,14,16,30,41,95,13,4047,True,,29,27,204,parsed,101-200,True
p02618_s255417073.py,SemBench/data/python_codenet/code/p02618_s255417073.py,p02618,s255417073.py,p02618/s255417073.py,SemBench/data/python/codenet_python/Project_CodeNet_Python800/p02618/s255417073.py,149,101-200,8,1,7,0,0,10,9,8,91,61,13,5249,True,,34,2,185,parsed,101-200,True
p03263_s081852819.py,SemBench/data/python_codenet/code/p03263_s081852819.py,p03263,s081852819.py,p03263/s081852819.py,SemBench/data/python/codenet_python/Project_CodeNet_Python800/p03263/s081852819.py,149,101-200,19,9,0,1,10,17,16,22,44,64,14,4822,True,,47,17,213,parsed,101-200,True
p02618_s922242028.py,SemBench/data/python_codenet/code/p02618_s922242028.py,p02618,s922242028.py,p02618/s922242028.py,SemBench/data/python/codenet_python/Project_CodeNet_Python800/p02618/s922242028.py,153,101-200,6,6,0,0,0,15,9,6,83,54,12,5012,True,,17,3,173,parsed,101-200,True
p02803_s506676410.py,SemBench/data/python_codenet/code/p02803_s506676410.py,p02803,s506676410.py,p02803/s506676410.py,SemBench/data/python/codenet_python/Project_CodeNet_Python800/p02803/s506676410.py,154,101-200,19,9,0,1,10,16,17,22,48,59,14,4894,True,,40,14,208,parsed,101-200,True
p03488_s028641352.py,SemBench/data/python_codenet/code/p03488_s028641352.py,p03488,s028641352.py,p03488/s028641352.py,SemBench/data/python/codenet_python/Project_CodeNet_Python800/p03488/s028641352.py,178,101-200,17,10,0,2,7,14,23,15,65,66,12,4666,True,,52,17,247,parsed,101-200,True
p02900_s491995782.py,SemBench/data/python_codenet/code/p02900_s491995782.py,p02900,s491995782.py,p02900/s491995782.py,SemBench/data/python/codenet_python/Project_CodeNet_Python800/p02900/s491995782.py,183,101-200,10,0,0,1,10,13,22,15,50,37,14,5822,True,,36,10,229,parsed,101-200,True
p02763_s028612805.py,SemBench/data/python_codenet/code/p02763_s028612805.py,p02763,s028612805.py,p02763/s028612805.py,SemBench/data/python/codenet_python/Project_CodeNet_Python800/p02763/s028612805.py,187,101-200,14,0,0,2,14,7,31,16,67,42,15,5675,True,,13,1,201,parsed,101-200,True
p03033_s574758873.py,SemBench/data/python_codenet/code/p03033_s574758873.py,p03033,s574758873.py,p03033/s574758873.py,SemBench/data/python/codenet_python/Project_CodeNet_Python800/p03033/s574758873.py,219,201-500,21,7,0,5,14,19,28,26,97,48,13,5796,True,,1,10,230,parsed,201-500,True
p03033_s325738807.py,SemBench/data/python_codenet/code/p03033_s325738807.py,p03033,s325738807.py,p03033/s325738807.py,SemBench/data/python/codenet_python/Project_CodeNet_Python800/p03033/s325738807.py,223,201-500,9,0,0,2,9,11,37,11,103,51,13,6806,True,,22,2,247,parsed,201-500,True
p03108_s572141740.py,SemBench/data/python_codenet/code/p03108_s572141740.py,p03108,s572141740.py,p03108/s572141740.py,SemBench/data/python/codenet_python/Project_CodeNet_Python800/p03108/s572141740.py,231,201-500,27,23,0,1,4,16,35,36,72,86,12,7074,True,,67,5,303,parsed,201-500,True
p03033_s146082229.py,SemBench/data/python_codenet/code/p03033_s146082229.py,p03033,s146082229.py,p03033/s146082229.py,SemBench/data/python/codenet_python/Project_CodeNet_Python800/p03033/s146082229.py,241,201-500,11,0,0,2,11,14,41,13,107,56,13,7345,True,,25,2,268,parsed,201-500,True
p03033_s086656113.py,SemBench/data/python_codenet/code/p03033_s086656113.py,p03033,s086656113.py,p03033/s086656113.py,SemBench/data/python/codenet_python/Project_CodeNet_Python800/p03033/s086656113.py,283,201-500,13,0,0,2,13,18,44,15,136,59,13,8705,True,,26,2,311,parsed,201-500,True
p02863_s724716784.py,SemBench/data/python_codenet/code/p02863_s724716784.py,p02863,s724716784.py,p02863/s724716784.py,SemBench/data/python/codenet_python/Project_CodeNet_Python800/p02863/s724716784.py,3105,> 2000,10,2,0,1,8,2,7,0,31,44,14,17133,True,,34,40,3179,parsed,> 2000,True
